{
  "id": "1469339",
  "name": "字体文件",
  "font_family": "iconfont",
  "css_prefix_text": "icon-",
  "description": "",
  "glyphs": [
    {
      "icon_id": "144109",
      "name": "手机",
      "font_class": "shouji",
      "unicode": "e60d",
      "unicode_decimal": 58893
    },
    {
      "icon_id": "384475",
      "name": "checkbox",
      "font_class": "checkbox",
      "unicode": "e684",
      "unicode_decimal": 59012
    },
    {
      "icon_id": "529748",
      "name": "add",
      "font_class": "addgrey",
      "unicode": "e683",
      "unicode_decimal": 59011
    },
    {
      "icon_id": "652815",
      "name": "垃圾桶",
      "font_class": "trash",
      "unicode": "e613",
      "unicode_decimal": 58899
    },
    {
      "icon_id": "752192",
      "name": "书页",
      "font_class": "shuye",
      "unicode": "e604",
      "unicode_decimal": 58884
    },
    {
      "icon_id": "858859",
      "name": "单行填空",
      "font_class": "danhangtext",
      "unicode": "e659",
      "unicode_decimal": 58969
    },
    {
      "icon_id": "858863",
      "name": "多行填空",
      "font_class": "duohangtext",
      "unicode": "e65d",
      "unicode_decimal": 58973
    },
    {
      "icon_id": "1336370",
      "name": "填空题",
      "font_class": "plus-blanksfill",
      "unicode": "e717",
      "unicode_decimal": 59159
    },
    {
      "icon_id": "2279010",
      "name": "operation_copy down link",
      "font_class": "copydownlink",
      "unicode": "e61b",
      "unicode_decimal": 58907
    },
    {
      "icon_id": "2321720",
      "name": "移动",
      "font_class": "yidong",
      "unicode": "e6db",
      "unicode_decimal": 59099
    },
    {
      "icon_id": "2328879",
      "name": "矩阵量表题",
      "font_class": "juzhen-liangbiaoti",
      "unicode": "e60a",
      "unicode_decimal": 58890
    },
    {
      "icon_id": "2513231",
      "name": "checkbox",
      "font_class": "checkboxed",
      "unicode": "e798",
      "unicode_decimal": 59288
    },
    {
      "icon_id": "2626010",
      "name": "齿轮",
      "font_class": "chilun",
      "unicode": "e6f1",
      "unicode_decimal": 59121
    },
    {
      "icon_id": "2992793",
      "name": "量表题",
      "font_class": "liangbiaoti-check",
      "unicode": "e692",
      "unicode_decimal": 59026
    },
    {
      "icon_id": "3203791",
      "name": "量表题-星星未选中",
      "font_class": "liangbiaoti",
      "unicode": "e69a",
      "unicode_decimal": 59034
    },
    {
      "icon_id": "3846798",
      "name": "拖动",
      "font_class": "tuodong",
      "unicode": "e607",
      "unicode_decimal": 58887
    },
    {
      "icon_id": "4127252",
      "name": "table",
      "font_class": "table",
      "unicode": "e685",
      "unicode_decimal": 59013
    },
    {
      "icon_id": "4158777",
      "name": "多选题",
      "font_class": "duoxuanti",
      "unicode": "e629",
      "unicode_decimal": 58921
    },
    {
      "icon_id": "4256709",
      "name": "move",
      "font_class": "move",
      "unicode": "e771",
      "unicode_decimal": 59249
    },
    {
      "icon_id": "4372412",
      "name": "排序题",
      "font_class": "paixuti",
      "unicode": "e628",
      "unicode_decimal": 58920
    },
    {
      "icon_id": "4929920",
      "name": "符号-单选矩阵",
      "font_class": "juzhen-danxuan",
      "unicode": "e602",
      "unicode_decimal": 58882
    },
    {
      "icon_id": "4929923",
      "name": "符号-多选矩阵",
      "font_class": "juzhen-duoxuan",
      "unicode": "e603",
      "unicode_decimal": 58883
    },
    {
      "icon_id": "5288582",
      "name": "复选框",
      "font_class": "fuxuankuang",
      "unicode": "e66a",
      "unicode_decimal": 58986
    },
    {
      "icon_id": "5288595",
      "name": "未选",
      "font_class": "weixuan",
      "unicode": "e670",
      "unicode_decimal": 58992
    },
    {
      "icon_id": "6247630",
      "name": "下拉题",
      "font_class": "xialati",
      "unicode": "e6c3",
      "unicode_decimal": 59075
    },
    {
      "icon_id": "6598368",
      "name": "radio",
      "font_class": "radio",
      "unicode": "e649",
      "unicode_decimal": 58953
    },
    {
      "icon_id": "6956343",
      "name": "移除",
      "font_class": "input-remove",
      "unicode": "e6ae",
      "unicode_decimal": 59054
    },
    {
      "icon_id": "7001549",
      "name": "电脑",
      "font_class": "diannao",
      "unicode": "e68c",
      "unicode_decimal": 59020
    },
    {
      "icon_id": "7470630",
      "name": "radio ",
      "font_class": "radioed",
      "unicode": "e75d",
      "unicode_decimal": 59229
    },
    {
      "icon_id": "8291994",
      "name": "date",
      "font_class": "date",
      "unicode": "e625",
      "unicode_decimal": 58917
    },
    {
      "icon_id": "8784619",
      "name": "单选题",
      "font_class": "danxuanti",
      "unicode": "e67f",
      "unicode_decimal": 59007
    },
    {
      "icon_id": "10083685",
      "name": "单选",
      "font_class": "danxuan1",
      "unicode": "e605",
      "unicode_decimal": 58885
    }
  ]
}
